Workbook

Sheet General
A2: GUI section | B2: Function description | C2: Button type | D2: Type | E2: EPICS Variable (PVs) | F2: PLC Variable
A3: Motion control - manual - motors | B3: Home Reverse | C3: Action | D3: Action | E3: mc:m:motor:XXX:Home:reverse_W
B4: Home Forward | C4: Action | D4: Action | E4: mc:m:motor:XXX:Home:forward_W
B5: Reverse per step | C5: Action | D5: Action | E5: mc:m:motor:XXX:Reverse:perStep_W
B6: Forward per step | C6: Action | D6: Action | E6: mc:m:motor:XXX:Forward:perStep_W
B7: Reverse in position | C7: LED | D7: Read | E7: mc:m:motor:XXX:Reverse:inPosition_R
B8: Forward in position | C8: LED | D8: Read | E8: mc:m:motor:XXX:Forward:inPosition_R
B9: Motor position (in step) | C9: Text Update | D9: Read | E9: mc:m:motor:XXX:ActPosition_R
B10: Motor stop | C10: Action | D10: Action | E10: mc:m:motor:XXX:stop_W
B11: Maximum settable speed | C11: Spinner | D11: Action | E11: mc:m:motor:XXX:MaxSpeed_W
B12: Initial speed before acceleration | C12: Spinner | D12: Action | E12: mc:m:motor:XXX:initialAcc_W
B13: Setting speed | C13: Spinner | D13: Action | E13: mc:m:motor:XXX:speed_W
B14: Revolutions per second | C14: Text Update | D14: Read | E14: mc:m:motor:XXX:speed_R
B15: Reset errors | C15: Action | D15: Action | E15: mc:m:motor:XXX:quitError_W
B16: Motor status | C16: Byte Monitor | D16: Read
A17: Motion control - manual - solenoids | B17: Lock 1 extract | C17: Action | D17: Action | E17: mc:m:solenoid:lock:1:extract_W
B18: Lock 1 insert | C18: Action | D18: Action | E18: mc:m:solenoid:lock:1:insert_W
B19: Lock 2 extract | C19: Action | D19: Action | E19: mc:m:solenoid:lock:2:extract_W
B20: Lock 2 insert | C20: Action | D20: Action | E20: mc:m:solenoid:lock:2:insert_W
B21: Lock 1 extracted | C21: LED | D21: Read | E21: mc:m:solenoid:lock:1:extract_R
B22: Lock 1 inserted | C22: LED | D22: Read | E22: mc:m:solenoid:lock:1:insert_R
B23: Lock 2 extracted | C23: LED | D23: Read | E23: mc:m:solenoid:lock:2:extract_R
B24: Lock 2 inserted | C24: LED | D24: Read | E24: mc:m:solenoid:lock:2:insert_R
A25: Motion control - manual - monitoring | B25: Motors box temperature | C25: Text Update | D25: Read | F25: Read from thermometer
A26: Motion control - automatic - main control | B26: Home | C26: Boolean Button | D26: Action | E26: mc:a:maincontrol:home_W
B27: Charge phase | C27: Boolean Button | D27: Action | E27: mc:a:maincontrol:charge_W
B28: Irradiation phase | C28: Boolean Button | D28: Action | E28: mc:a:maincontrol:irradiationphase_W
B29: Couple | C29: Boolean Button | D29: Action | E29: mc:a:maincontrol:coupled_W
B30: MPS request - irradiation | C30: Boolean Button | D30: Action | E30: mc:a:maincontrol:MPS:ReqIrradiation_W
B31: Collimator extract | C31: Boolean Button | D31: Action | E31: mc:a:maincontrol:collimator:extract_W
B32: Irradiation start | C32: Boolean Button | D32: Action | E32: mc:a:maincontrol:Irradiation:start_W
B33: Irradiation over | C33: Boolean Button | D33: Action | E33: mc:a:maincontrol:Irradiation:Over_W
B34: Tablet 1 irradiation | C34: LED | D34: Read | E34: mc:a:maincontrol:Tablet:Irradiation:1_R
B35: Tablet 2 irradiation | C35: LED | D35: Read | E35: mc:a:maincontrol:Tablet:Irradiation:2_R
B36: Tablet 3 irradiation | C36: LED | D36: Read | E36: mc:a:maincontrol:Tablet:Irradiation:3_R
B37: Tablet irradiation finish | C37: Boolean Button | D37: Action
B38: MPS request - decouple | C38: Boolean Button | D38: Action | E38: mc:a:maincontrol:MPS:ReqDecouple_W
B39: Decoupled | C39: LED | D39: Read | E39: mc:a:maincontrol:Decoupled_R
B40: Measurement start | C40: Boolean Button | D40: Action | E40: mc:a:maincontrol:Measurement:start_W
B41: Measurement over | C41: Boolean Button | D41: Action | E41: mc:a:maincontrol:Measurement:over_W
B42: Tablet 1 discharge | C42: LED | D42: Read | E42: mc:a:maincontrol:Tablet:Discharge:1_R
B43: Tablet 2 discharge | C43: LED | D43: Read | E43: mc:a:maincontrol:Tablet:Discharge:2_R
B44: Tablet 3 discharge | C44: LED | D44: Read | E44: mc:a:maincontrol:Tablet:Discharge:3_R
B45: Tablet measurement finish | C45: LED | D45: Read
B46: Home state | C46: LED (Multi State) | D46: Read | E46: mc:a:maincontrol:home_R
B47: Charge slider state | C47: LED (Multi State) | D47: Read | E47: mc:a:maincontrol:ChargeSlider_R
B48: Charge state | C48: LED (Multi State) | D48: Read | E48: mc:a:maincontrol:Charge_R
B49: MPS state - irradiation | C49: LED (Multi State) | D49: Read | F49: Variable provided by MPS
B50: Irradiation | C50: LED (Multi State) | D50: Read
B51: MPS state - decouple | C51: LED (Multi State) | D51: Read | F51: Variable provided by MPS
B52: Discharge slider state | C52: LED (Multi State) | D52: Read | E52: mc:a:maincontrol:DischargeSlider_R
B53: Discharge state | C53: LED (Multi State) | D53: Read | E53: mc:a:maincontrol:Discharge_R
B54: Detection state | C54: LED (Multi State) | D54: Read
B55: Vacuum - pressure | C55: Text Update | D55: Read | F55: Variable provided by SPES
B56: Faraday cup read value | C56: Text Update | D56: Read
B57: Collimator read value | C57: Text Update | D57: Read
A58: Motion control - automatic - step setting | B58: Motor power state | C58: LED | D58: Read | E58: mc:a:stepSetting:Motor:xxx:power:state_R
B59: Motor home state | C59: LED | D59: Read | E59: mc:a:stepSetting:Motor:xxx:home:state_R
B60: Motor phase state | C60: LED | D60: Read | E60: mc:a:stepSetting:Motor:xxx:phase:state_R
B61: Motor in movement | C61: LED | D61: Read | E61: mc:a:stepSetting:Motor:xxx:movement_R
B62: Motor in position | C62: LED | D62: Read | E62: mc:a:stepSetting:Motor:xxx:inPosition_R
B63: M1 moving step | C63: Spinner | D63: Action | E63: mc:a:stepSetting:motor:1:movingStep_W
B64: M1 correction step | C64: Spinner | D64: Action | E64: mc:a:stepSetting:motor:1:CorrectionStep_W
B65: M3 moving step | C65: Spinner | D65: Action | E65: mc:a:stepSetting:motor:3:movingStep_W
B66: M3 correction step | C66: Spinner | D66: Action | E66: mc:a:stepSetting:motor:3:CorrectionStep_W
B67: M5 charging step 1 | C67: Spinner | D67: Action | E67: mc:a:stepSetting:motor:5:chargingStep:1_W
B68: M5 charging step 2 | C68: Spinner | D68: Action | E68: mc:a:stepSetting:motor:5:chargingStep:2_W
B69: M5 charging step 3 | C69: Spinner | D69: Action | E69: mc:a:stepSetting:motor:5:chargingStep:3_W
B70: M5 irradiation step 1 | C70: Spinner | D70: Action | E70: mc:a:stepSetting:motor:5:IrradiationStep:1_W
... B75: M5 discharging step 3 | C75: Spinner | D75: Action | E75: mc:a:stepSetting:motor:5:DischargingStep:3_W

Sheet General_Update
A1: GUI section | C1: Function description | D1: Button type | E1: Type | F1: EPICS Variable (PVs) | G1: PLC Variable | H1: Modbus addresses
A2: MotionControl-automatic-stepSet | C2: M1 moving step | D2: Spinner | E2: Action | F2: mc:a:stepSetting:motor:1:movingStep_R | H2: 500
C3: M1 correction step | D3: Spinner | E3: Action | F3: mc:a:stepSetting:motor:1:CorrectionStep_W | H3: 502
C4: M3 moving step | D4: Spinner | E4: Action | F4: mc:a:stepSetting:motor:3:movingStep_R | H4: 504
C5: M3 correction step | D5: Spinner | E5: Action | F5: mc:a:stepSetting:motor:3:CorrectionStep_W | H5: 506
C6: M4 Moving Step | D6: Spinner | E6: Action | F6: mc:a:stepSetting:motor:4:movingStep_R | L6: =34/143*100 -> 23.776224
C7: M4 Offset Step | D7: Spinner | E7: Action | F7: mc:a:stepSetting:motor:4:OffsetStep_W
C8: M5 charging step 1 | D8: Spinner | E8: Action | F8: mc:a:stepSetting:motor:5:chargingStep:1_W | H8: 508
C9: M5 charging step 2 | D9: Spinner | E9: Action | F9: mc:a:stepSetting:motor:5:chargingStep:2_W | H9: 510
C10: M5 charging step 3 | D10: Spinner | E10: Action | F10: mc:a:stepSetting:motor:5:chargingStep:3_W | H10: 512
C11: M5 irradiation step 1 | D11: Spinner | E11: Action | F11: mc:a:stepSetting:motor:5:IrradiationStep:1_W | H11: 514
C12: M5 irradiation step 2 | D12: Spinner | E12: Action | F12: mc:a:stepSetting:motor:5:IrradiationStep:2_W | H12: 516
C13: M5 irradiation step 3 | D13: Spinner | E13: Action | F13: mc:a:stepSetting:motor:5:IrradiationStep:3_W | H13: 518
C14: M5 discharging step 1 | D14: Spinner | E14: Action | F14: mc:a:stepSetting:motor:5:DischargingStep:1_W | H14: 520
C15: M5 discharging step 2 | D15: Spinner | E15: Action | F15: mc:a:stepSetting:motor:5:DischargingStep:2_W | H15: 522
C16: M5 discharging step 3 | D16: Spinner | E16: Action | F16: mc:a:stepSetting:motor:5:DischargingStep:3_W | H16: 524
C17: Motor power state | D17: LED | E17: Read | F17: mc:a:stepSetting:Motor:xxx:power:state_R | H17: 550
C18: Motor in movement | D18: LED | E18: Read | F18: mc:a:stepSetting:Motor:xxx:movement_R
C19: Motor in position | D19: LED | E19: Read | F19: mc:a:stepSetting:Motor:xxx:inPosition_R
C20: Motor Coupled | D20: LED | E20: Read | H20: 552
C21: Motor home state | D21: LED | E21: Read | F21: mc:a:stepSetting:Motor:xxx:home:state_R | H21: 554
C22: Motor power state | D22: LED | E22: Read | F22: mc:a:stepSetting:Motor:xxx:power:state_R | H22: 570
C23: Motor in movement | D23: LED | E23: Read | F23: mc:a:stepSetting:Motor:xxx:movement_R
C24: Motor in position | D24: LED | E24: Read | F24: mc:a:stepSetting:Motor:xxx:inPosition_R
C25: Motor home state | D25: LED | E25: Read | F25: mc:a:stepSetting:Motor:xxx:home:state_R | H25: 572
C26: Motor power state | D26: LED | E26: Read | F26: mc:a:stepSetting:Motor:xxx:power:state_R | H26: 580
C27: Motor in movement | D27: LED | E27: Read | F27: mc:a:stepSetting:Motor:xxx:movement_R
C28: Motor in position | D28: LED | E28: Read | F28: mc:a:stepSetting:Motor:xxx:inPosition_R
C29: Motor home state | D29: LED | E29: Read | F29: mc:a:stepSetting:Motor:xxx:home:state_R | H29: 582
C30: Motor Coupled | D30: LED | E30: Read | H30: 584
C31: Motor power state | D31: LED | E31: Read | F31: mc:a:stepSetting:Motor:xxx:power:state_R | H31: 590
C32: Motor in movement | D32: LED | E32: Read | F32: mc:a:stepSetting:Motor:xxx:movement_R
C33: Motor in position | D33: LED | E33: Read | F33: mc:a:stepSetting:Motor:xxx:inPosition_R
C34: Motor home state | D34: LED | E34: Read | F34: mc:a:stepSetting:Motor:xxx:home:state_R | H34: 592
C35: Motor power state | D35: LED | E35: Read | F35: mc:a:stepSetting:Motor:xxx:power:state_R | H35: 600
C36: Motor in movement | D36: LED | E36: Read | F36: mc:a:stepSetting:Motor:xxx:movement_R
C37: Motor in position | D37: LED | E37: Read | F37: mc:a:stepSetting:Motor:xxx:inPosition_R
C38: Motor home state | D38: LED | E38: Read | F38: mc:a:stepSetting:Motor:xxx:home:state_R | H38: 602
C39: Motor power state | D39: LED | E39: Read | F39: mc:a:stepSetting:Motor:xxx:power:state_R | H39: 610
C40: Motor in movement | D40: LED | E40: Read | F40: mc:a:stepSetting:Motor:xxx:movement_R
C41: Motor in position | D41: LED | E41: Read | F41: mc:a:stepSetting:Motor:xxx:inPosition_R
C42: Motor home state | D42: LED | E42: Read | F42: mc:a:stepSetting:Motor:xxx:home:state_R | H42: 612
C43: Motor Coupled | D43: LED | E43: Read | H43: 614
C44: Motor power state | D44: LED | E44: Read | F44: mc:a:stepSetting:Motor:xxx:power:state_R | H44: 620
C45: Motor in movement | D45: LED | E45: Read | F45: mc:a:stepSetting:Motor:xxx:movement_R
C46: Motor in position | D46: LED | E46: Read | F46: mc:a:stepSetting:Motor:xxx:inPosition_R
C47: Motor home state | D47: LED | E47: Read | F47: mc:a:stepSetting:Motor:xxx:home:state_R | H47: 622
A48: Motion control - automatic - main control | C48: Home | D48: Action Button | E48: Action | F48: mc:a:maincontrol:GeneralControl_W | H48: 350
C49: Charge | D49: Action Button | E49: Action
C50: Irradiation | D50: Action Button | E50: Action
C51: Discharge | D51: Action Button | E51: Action
C52: Couple (m6) | D52: LED (Multi State) | E52: Read | F52: mc:a:maincontrol:coupled_W | H52: 614
C53: MPS request - irradiation (vacuum?) | D53: Boolean Button | E53: Action | F53: mc:a:maincontrol:MPS:ReqIrradiation_W | H53: mps
C54: Collimator extract | D54: Boolean Button | E54: Action | F54: mc:a:maincontrol:collimator:extract_W | H54: mps
C55: Irradiation start | D55: Boolean Button | E55: Action | F55: mc:a:maincontrol:IrradiationControl_W | H55: 352
C56: Irradiation over | D56: Boolean Button | E56: Action
C57: Tablet 1 irradiation | D57: LED | E57: Read | F57: mc:a:maincontrol:Tablet:Irradiation:1_R | H57: 354
C58: Tablet 2 irradiation | D58: LED | E58: Read | F58: mc:a:maincontrol:Tablet:Irradiation:2_R | H58: 356
C59: Tablet 3 irradiation | D59: LED | E59: Read | F59: mc:a:maincontrol:Tablet:Irradiation:3_R | H59: 358
C60: MPS request - decouple | D60: Boolean Button | E60: Action | F60: mc:a:maincontrol:MPS:ReqDecouple_W | H60: 360
C61: Decoupled (m6) | D61: LED | E61: Read | F61: mc:a:maincontrol:Decoupled_R | H61: 614
C62: Measurement start | D62: Boolean Button | E62: Action | F62: mc:a:maincontrol:MeasurementControl_W | H62: 362
C63: Measurement over | D63: Boolean Button | E63: Action
C64: Tablet 1 discharge | D64: LED | E64: Read | F64: mc:a:maincontrol:Tablet:Discharge:1_R | H64: 364
C65: Tablet 2 discharge | D65: LED | E65: Read | F65: mc:a:maincontrol:Tablet:Discharge:2_R | H65: 366
C66: Tablet 3 discharge | D66: LED | E66: Read | F66: mc:a:maincontrol:Tablet:Discharge:3_R | H66: 368
C67: Home state | D67: LED (Multi State) | E67: Read | F67: mc:a:maincontrol:home_R | H67: 370 | I67: All motors homed
C68: Charge state | D68: LED (Multi State) | E68: Read | F68: mc:a:maincontrol:Charge_R | H68: 372 | I68: All tablets charged
C69: Discharge state | D69: LED (Multi State) | E69: Read | F69: mc:a:maincontrol:Discharge_R | H69: 374 | I69: All tablet in discharge slider
C70: Charge slider state | D70: LED (Multi State) | E70: Read | F70: mc:a:maincontrol:ChargeSlider_R | H70: 552 | I70: coupled/decoupled
C71: Discharge slider state | D71: LED (Multi State) | E71: Read | F71: mc:a:maincontrol:DischargeSlider_R | H71: 584 | I71: coupled/decoupled
C73: MPS state - irradiation | D73: LED (Multi State) | E73: Read | G73: Variable provided by MPS
C74: MPS state - decouple | D74: LED (Multi State) | E74: Read | G74: Variable provided by MPS
C75: Vacuum - pressure | D75: Text Update | E75: Read | G75: Variable provided by SPES
C76: Faraday cup read value | D76: Text Update | E76: Read
C77: Collimator read value | D77: Text Update | E77: Read
A78: Motion control - manual - solenoids | B78: Motion control - manual - solenoids | C78: Lock 1 extract | D78: Action | E78: Action | F78: mc:m:solenoid:lock:1:extract_W | H78: 300
C79: Lock 1 insert | D79: Action | E79: Action
C80: Lock 2 extract | D80: Action | E80: Action | F80: mc:m:solenoid:lock:2:extract_W | H80: 302
C81: Lock 2 insert | D81: Action | E81: Action
C82: Lock 1 extracted | D82: LED | E82: Read | F82: mc:m:solenoid:lock:1:extracted_R | H82: 300
C83: Lock 1 inserted | D83: LED | E83: Read
C84: Lock 2 extracted | D84: LED | E84: Read | F84: mc:m:solenoid:lock:2:extracted_R | H84: 302
C85: Lock 2 inserted | D85: LED | E85: Read
A86: Motion control - manual - motors | B86: Motor 1 | C86: Power On | H86: 10
C87: Power Off | H87: 12
C88: Motor position (in step) | D88: Text Update | E88: Read | F88: mc:m:motor:XXX:ActPosition_R | G88: _LMCAxis_M1.ActPos | H88: 14
C89: Setting speed | D89: Spinner | E89: Action | F89: mc:m:motor:XXX:speed_W | H89: 16
C90: Start Movement | D90: Action | E90: Action | H90: 18
C91: Motor stop | D91: Action | E91: Action | F91: mc:m:motor:XXX:stop_W | H91: 20
C92: Direction | H92: 22
C93: Error | H93: 24
C94: Reset errors | D94: Action | E94: Action | F94: mc:m:motor:XXX:quitError_W | H94: 26
C95: Desired Position | D95: Text Update | E95: Action | H95: 28
C96: Home Forward | D96: Action | E96: Action | F96: mc:m:motor:XXX:Home:forward_W | H96: 30
C97: Home Reverse | D97: Action | E97: Action | F97: mc:m:motor:XXX:Home:reverse_W | H97: 32
C98: Forward in position | D98: LED | E98: Read | F98: mc:m:motor:XXX:Forward:inPosition_R | H98: 34
C99: Reverse in position | D99: LED | E99: Read | F99: mc:m:motor:XXX:Reverse:inPosition_R | H99: 36
C100: Reverse per step | D100: Action | E100: Action | F100: mc:m:motor:XXX:Reverse:perStep_W | H100: 38
C101: Forward per step | D101: Action | E101: Action | F101: mc:m:motor:XXX:Forward:perStep_W | H101: 40
...

Sheet Motion control-manual - motor X
A3: GUI section | B3: Motor | C3: Function description | D3: Button type | E3: Type | F3: EPICS Variable (PVs) | G3: PLC Variable | H3: Modbus Addresses | I3: plc port name | M3: Function description | N3: Button type | O3: Type | P3: EPICS Variable (PVs) | Q3: PLC Variable | R3: Modbus Addresses | S3: plc port name | V3: Function description | W3: Button type | X3: Type | Y3: EPICS Variable (PVs) | Z3: PLC Variable | AA3: Modbus Addresses | AB3: plc port name
A4: Motion control - manual - motors | B4: Motor 1 | C4: Power On | D4: Action | E4: Action | F4: mc:m:motor:XXX:powerOn_W | H4: 10 | I4: MC_M_M_W | L4: Motor 1 | M4: Power On | N4: Action | O4: Action | P4: mc:m:motor:XXX:powerOn_W | R4: 10 | S4: MC_M_M_W | U4: Motor 1 | V4: Motor position | W4: Text entry | X4: Read | Y4: mc:m:motor:XXX:ActPosition_R | Z4: _LMCAxis_M1.ActPos | AA4: 200 | AB4: MC_M_M_R
C5: Power Off | D5: Action | E5: Action | F5: mc:m:motor:XXX:powerOff_W | H5: 12 | I5: MC_M_M_W | M5: Power Off | N5: Action | O5: Action | P5: mc:m:motor:XXX:powerOff_W | R5: 12 | S5: MC_M_M_W | V5: Error | W5: LED | X5: Read | Y5: mc:m:motor:XXX:Error_R | AA5: 202 | AB5: MC_M_M_R
C6: Setting speed | D6: Spinner | E6: Action | F6: mc:m:motor:XXX:speed_W | H6: 14 | I6: MC_M_M_W | M6: Setting speed | N6: Spinner | O6: Action | P6: mc:m:motor:XXX:speed_W | R6: 14 | S6: MC_M_M_W | V6: Forward in position | W6: LED | X6: Read | Y6: mc:m:motor:XXX:Forward:inPosition_R | AA6: 204 | AB6: MC_M_M_R
C7: Start Movement | D7: Action | E7: Action | F7: mc:m:motor:XXX:start_W | H7: 16 | I7: MC_M_M_W | M7: Start Movement | N7: Action | O7: Action | P7: mc:m:motor:XXX:start_W | R7: 16 | S7: MC_M_M_W | V7: Reverse in position | W7: LED | X7: Read | Y7: mc:m:motor:XXX:Reverse:inPosition_R | AA7: 206 | AB7: MC_M_M_R
C8: Motor stop | D8: Action | E8: Action | F8: mc:m:motor:XXX:stop_W | H8: 18 | I8: MC_M_M_W | M8: Motor stop | N8: Action | O8: Action | P8: mc:m:motor:XXX:stop_W | R8: 18 | S8: MC_M_M_W | V8: Maximum settable speed | W8: Text Update | X8: Read | Y8: mc:m:motor:XXX:MaxSpeed_R | AA8: 208 | AB8: MC_M_M_R
C9: Direction | D9: Boolean | E9: Action | F9: mc:m:motor:XXX:direction_W | H9: 20 | I9: MC_M_M_W | M9: Direction | N9: Boolean | O9: Action | P9: mc:m:motor:XXX:direction_W | R9: 20 | S9: MC_M_M_W | V9: Minimum settable speed | W9: Text Update | X9: Read | Y9: mc:m:motor:XXX:MinSpeed_R | AA9: 210 | AB9: MC_M_M_R
C10: Reset errors | D10: Action | E10: Action | F10: mc:m:motor:XXX:quitError_W | H10: 22 | I10: MC_M_M_W | M10: Reset errors | N10: Action | O10: Action | P10: mc:m:motor:XXX:quitError_W | R10: 22 | S10: MC_M_M_W | V10: Motor status | W10: Byte Monitor | X10: Read | Y10: mc:m:motor:xxx:motorStatus_R | AA10: 212 | AB10: MC_M_M_R
C11: Desired Position | D11: Text Update | E11: Action | F11: mc:m:motor:XXX:desiredPosition_W | H11: 24 | I11: MC_M_M_W | M11: Desired Position | N11: Text Update | O11: Action | P11: mc:m:motor:XXX:desiredPosition_W | R11: 24 | S11: MC_M_M_W | U11: Motor 2 | V11: Motor position | W11: Text entry | X11: Read | Y11: mc:m:motor:XXX:ActPosition_R | Z11: _LMCAxis_M1.ActPos | AA11: 214 | AB11: MC_M_M_R
C12: Home Forward | D12: Action | E12: Action | F12: mc:m:motor:XXX:Home:forward_W | H12: 26 | I12: MC_M_M_W | M12: Home Forward | N12: Action | O12: Action | P12: mc:m:motor:XXX:Home:forward_W | R12: 26 | S12: MC_M_M_W | V12: Error | W12: LED | X12: Read | Y12: mc:m:motor:XXX:Error_R | AA12: 216 | AB12: MC_M_M_R
C13: Home Reverse | D13: Action | E13: Action | F13: mc:m:motor:XXX:Home:reverse_W | H13: 28 | I13: MC_M_M_W | M13: Home Reverse | N13: Action | O13: Action | P13: mc:m:motor:XXX:Home:reverse_W | R13: 28 | S13: MC_M_M_W | V13: Forward in position | W13: LED | X13: Read | Y13: mc:m:motor:XXX:Forward:inPosition_R | AA13: 218 | AB13: MC_M_M_R
C14: Reverse per step | D14: Action | E14: Action | F14: mc:m:motor:XXX:Reverse:perStep_W | H14: 30 | I14: MC_M_M_W | M14: Reverse per step | N14: Action | O14: Action | P14: mc:m:motor:XXX:Reverse:perStep_W | R14: 30 | S14: MC_M_M_W | V14: Reverse in position | W14: LED | X14: Read | Y14: mc:m:motor:XXX:Reverse:inPosition_R | AA14: 220 | AB14: MC_M_M_R
C15: Forward per step | D15: Action | E15: Action | F15: mc:m:motor:XXX:Forward:perStep_W | H15: 32 | I15: MC_M_M_W | M15: Forward per step | N15: Action | O15: Action | P15: mc:m:motor:XXX:Forward:perStep_W | R15: 32 | S15: MC_M_M_W | V15: Maximum settable speed | W15: Text Update | X15: Read | Y15: mc:m:motor:XXX:MaxSpeed_R | AA15: 222 | AB15: MC_M_M_R
C16: Motor position | D16: Text entry | E16: Read | F16: mc:m:motor:XXX:ActPosition_R | G16: _LMCAxis_M1.ActPos | H16: 34 | I16: MC_M_M_R | L16: Motor 2 | M16: Power On | N16: Action | O16: Action | P16: mc:m:motor:XXX:powerOn_W | R16: 34 | S16: MC_M_M_W | V16: Minimum settable speed | W16: Text Update | X16: Read | Y16: mc:m:motor:XXX:MinSpeed_R | AA16: 224 | AB16: MC_M_M_R
C17: Error | D17: LED | E17: Read | F17: mc:m:motor:XXX:Error_R | H17: 36 | I17: MC_M_M_R | M17: Power Off | N17: Action | O17: Action | P17: mc:m:motor:XXX:powerOff_W | R17: 36 | S17: MC_M_M_W | V17: Motor status | W17: Byte Monitor | X17: Read | Y17: mc:m:motor:xxx:motorStatus_R | AA17: 226 | AB17: MC_M_M_R
C18: Forward in position | D18: LED | E18: Read | F18: mc:m:motor:XXX:Forward:inPosition_R | H18: 38 | I18: MC_M_M_R | M18: Setting speed | N18: Spinner | O18: Action | P18: mc:m:motor:XXX:speed_W | R18: 38 | S18: MC_M_M_W | U18: Motor 3 | V18: Motor position | W18: Text entry | X18: Read | Y18: mc:m:motor:XXX:ActPosition_R | Z18: _LMCAxis_M1.ActPos | AA18: 228 | AB18: MC_M_M_R
C19: Reverse in position | D19: LED | E19: Read | F19: mc:m:motor:XXX:Reverse:inPosition_R | H19: 40 | I19: MC_M_M_R | M19: Start Movement | N19: Action | O19: Action | P19: mc:m:motor:XXX:start_W | R19: 40 | S19: MC_M_M_W | V19: Error | W19: LED | X19: Read | Y19: mc:m:motor:XXX:Error_R | AA19: 230 | AB19: MC_M_M_R
C20: Maximum settable speed | D20: Text Update | E20: Read | F20: mc:m:motor:XXX:MaxSpeed_R | H20: 42 | I20: MC_M_M_R | M20: Motor stop | N20: Action | O20: Action | P20: mc:m:motor:XXX:stop_W | R20: 42 | S20: MC_M_M_W | V20: Forward in position | W20: LED | X20: Read | Y20: mc:m:motor:XXX:Forward:inPosition_R | AA20: 232 | AB20: MC_M_M_R
C21: Minimum settable speed | D21: Text Update | E21: Read | F21: mc:m:motor:XXX:MinSpeed_R | H21: 44 | I21: MC_M_M_R | M21: Direction | N21: Boolean | O21: Action | P21: mc:m:motor:XXX:direction_W | R21: 44 | S21: MC_M_M_W | V21: Reverse in position | W21: LED | X21: Read | Y21: mc:m:motor:XXX:Reverse:inPosition_R | AA21: 234 | AB21: MC_M_M_R
C22: Motor status | D22: Byte Monitor | E22: Read | F22: mc:m:motor:xxx:motorStatus_R | H22: 46 | I22: MC_M_M_R | M22: Reset errors | N22: Action | O22: Action | P22: mc:m:motor:XXX:quitError_W | R22: 46 | S22: MC_M_M_W | V22: Maximum settable speed | W22: Text Update | X22: Read | Y22: mc:m:motor:XXX:MaxSpeed_R | AA22: 236 | AB22: MC_M_M_R
B23: Motor 2 | C23: Power On | D23: Action | E23: Action | F23: mc:m:motor:XXX:powerOn_W | H23: 48 | I23: MC_M_M_W | M23: Desired Position | N23: Text Update | O23: Action | P23: mc:m:motor:XXX:desiredPosition_W | R23: 48 | S23: MC_M_M_W | V23: Minimum settable speed | W23: Text Update | X23: Read | Y23: mc:m:motor:XXX:MinSpeed_R | AA23: 238 | AB23: MC_M_M_R
C24: Power Off | D24: Action | E24: Action | F24: mc:m:motor:XXX:powerOff_W | H24: 50 | I24: MC_M_M_W | M24: Home Forward | N24: Action | O24: Action | P24: mc:m:motor:XXX:Home:forward_W | R24: 50 | S24: MC_M_M_W | V24: Motor status | W24: Byte Monitor | X24: Read | Y24: mc:m:motor:xxx:motorStatus_R | AA24: 240 | AB24: MC_M_M_R
C25: Setting speed | D25: Spinner | E25: Action | F25: mc:m:motor:XXX:speed_W | H25: 52 | I25: MC_M_M_W | M25: Home Reverse | N25: Action | O25: Action | P25: mc:m:motor:XXX:Home:reverse_W | R25: 52 | S25: MC_M_M_W | U25: Motor 4 | V25: Motor position | W25: Text entry | X25: Read | Y25: mc:m:motor:XXX:ActPosition_R | Z25: _LMCAxis_M1.ActPos | AA25: 242 | AB25: MC_M_M_R
C26: Start Movement | D26: Action | E26: Action | F26: mc:m:motor:XXX:start_W | H26: 54 | I26: MC_M_M_W | M26: Reverse per step | N26: Action | O26: Action | P26: mc:m:motor:XXX:Reverse:perStep_W | R26: 54 | S26: MC_M_M_W | V26: Error | W26: LED | X26: Read | Y26: mc:m:motor:XXX:Error_R | AA26: 244 | AB26: MC_M_M_R
C27: Motor stop | D27: Action | E27: Action | F27: mc:m:motor:XXX:stop_W | H27: 56 | I27: MC_M_M_W | M27: Forward per step | N27: Action | O27: Action | P27: mc:m:motor:XXX:Forward:perStep_W | R27: 56 | S27: MC_M_M_W | V27: Forward in position | W27: LED | X27: Read | Y27: mc:m:motor:XXX:Forward:inPosition_R | AA27: 246 | AB27: MC_M_M_R
C28: Direction | D28: Boolean | E28: Action | F28: mc:m:motor:XXX:direction_W | H28: 58 | I28: MC_M_M_W | L28: Motor 3 | M28: Power On | N28: Action | O28: Action | P28: mc:m:motor:XXX:powerOn_W | R28: 58 | S28: MC_M_M_W | V28: Reverse in position | W28: LED | X28: Read | Y28: mc:m:motor:XXX:Reverse:inPosition_R | AA28: 248 | AB28: MC_M_M_R
C29: Reset errors | D29: Action | E29: Action | F29: mc:m:motor:XXX:quitError_W | H29: 60 | I29: MC_M_M_W | M29: Power Off | N29: Action | O29: Action | P29: mc:m:motor:XXX:powerOff_W | R29: 60 | S29: MC_M_M_W | V29: Maximum settable speed | W29: Text Update | X29: Read | Y29: mc:m:motor:XXX:MaxSpeed_R | AA29: 250 | AB29: MC_M_M_R
C30: Desired Position | D30: Text Update | E30: Action | F30: mc:m:motor:XXX:desiredPosition_W | H30: 62 | I30: MC_M_M_W | M30: Setting speed | N30: Spinner | O30: Action | P30: mc:m:motor:XXX:speed_W | R30: 62 | S30: MC_M_M_W | V30: Minimum settable speed | W30: Text Update | X30: Read | Y30: mc:m:motor:XXX:MinSpeed_R | AA30: 252 | AB30: MC_M_M_R
C31: Home Forward | D31: Action | E31: Action | F31: mc:m:motor:XXX:Home:forward_W | H31: 64 | I31: MC_M_M_W | M31: Start Movement | N31: Action | O31: Action | P31: mc:m:motor:XXX:start_W | R31: 64 | S31: MC_M_M_W | V31: Motor status | W31: Byte Monitor | X31: Read | Y31: mc:m:motor:xxx:motorStatus_R | AA31: 254 | AB31: MC_M_M_R
C32: Home Reverse | D32: Action | E32: Action | F32: mc:m:motor:XXX:Home:reverse_W | H32: 66 | I32: MC_M_M_W | M32: Motor stop | N32: Action | O32: Action | P32: mc:m:motor:XXX:stop_W | R32: 66 | S32: MC_M_M_W | U32: Motor 5 | V32: Motor position | W32: Text entry | X32: Read | Y32: mc:m:motor:XXX:ActPosition_R | Z32: _LMCAxis_M1.ActPos | AA32: 256 | AB32: MC_M_M_R
C33: Reverse per step | D33: Action | E33: Action | F33: mc:m:motor:XXX:Reverse:perStep_W | H33: 68 | I33: MC_M_M_W | M33: Direction | N33: Boolean | O33: Action | P33: mc:m:motor:XXX:direction_W | R33: 68 | S33: MC_M_M_W | V33: Error | W33: LED | X33: Read | Y33: mc:m:motor:XXX:Error_R | AA33: 258 | AB33: MC_M_M_R
C34: Forward per step | D34: Action | E34: Action | F34: mc:m:motor:XXX:Forward:perStep_W | H34: 70 | I34: MC_M_M_W | M34: Reset errors | N34: Action | O34: Action | P34: mc:m:motor:XXX:quitError_W | R34: 70 | S34: MC_M_M_W | V34: Forward in position | W34: LED | X34: Read | Y34: mc:m:motor:XXX:Forward:inPosition_R | AA34: 260 | AB34: MC_M_M_R
C35: Motor position | D35: Text entry | E35: Read | F35: mc:m:motor:XXX:ActPosition_R | G35: _LMCAxis_M1.ActPos | H35: 72 | I35: MC_M_M_R | M35: Desired Position | N35: Text Update | O35: Action | P35: mc:m:motor:XXX:desiredPosition_W | R35: 72 | S35: MC_M_M_W | V35: Reverse in position | W35: LED | X35: Read | Y35: mc:m:motor:XXX:Reverse:inPosition_R | AA35: 262 | AB35: MC_M_M_R
C36: Error | D36: LED | E36: Read | F36: mc:m:motor:XXX:Error_R | H36: 74 | I36: MC_M_M_R | M36: Home Forward | N36: Action | O36: Action | P36: mc:m:motor:XXX:Home:forward_W | R36: 74 | S36: MC_M_M_W | V36: Maximum settable speed | W36: Text Update | X36: Read | Y36: mc:m:motor:XXX:MaxSpeed_R | AA36: 264 | AB36: MC_M_M_R
C37: Forward in position | D37: LED | E37: Read | F37: mc:m:motor:XXX:Forward:inPosition_R | H37: 76 | I37: MC_M_M_R | M37: Home Reverse | N37: Action | O37: Action | P37: mc:m:motor:XXX:Home:reverse_W | R37: 76 | S37: MC_M_M_W | V37: Minimum settable speed | W37: Text Update | X37: Read | Y37: mc:m:motor:XXX:MinSpeed_R | AA37: 266 | AB37: MC_M_M_R
C38: Reverse in position | D38: LED | E38: Read | F38: mc:m:motor:XXX:Reverse:inPosition_R | H38: 78 | I38: MC_M_M_R | M38: Reverse per step | N38: Action | O38: Action | P38: mc:m:motor:XXX:Reverse:perStep_W | R38: 78 | S38: MC_M_M_W | V38: Motor status | W38: Byte Monitor | X38: Read | Y38: mc:m:motor:xxx:motorStatus_R | AA38: 268 | AB38: MC_M_M_R
C39: Maximum settable speed | D39: Text Update | E39: Read | F39: mc:m:motor:XXX:MaxSpeed_R | H39: 80 | I39: MC_M_M_R | M39: Forward per step | N39: Action | O39: Action | P39: mc:m:motor:XXX:Forward:perStep_W | R39: 80 | S39: MC_M_M_W | U39: Motor 6 | V39: Motor position | W39: Text entry | X39: Read | Y39: mc:m:motor:XXX:ActPosition_R | Z39: _LMCAxis_M1.ActPos | AA39: 270 | AB39: MC_M_M_R
C40: Minimum settable speed | D40: Text Update | E40: Read | F40: mc:m:motor:XXX:MinSpeed_R | H40: 82 | I40: MC_M_M_R | L40: Motor 4 | M40: Power On | N40: Action | O40: Action | P40: mc:m:motor:XXX:powerOn_W | R40: 82 | S40: MC_M_M_W | V40: Error | W40: LED | X40: Read | Y40: mc:m:motor:XXX:Error_R | AA40: 272 | AB40: MC_M_M_R
C41: Motor status | D41: Byte Monitor | E41: Read | H41: 84 | I41: MC_M_M_R | M41: Power Off | N41: Action | O41: Action | P41: mc:m:motor:XXX:powerOff_W | R41: 84 | S41: MC_M_M_W | V41: Forward in position | W41: LED | X41: Read | Y41: mc:m:motor:XXX:Forward:inPosition_R | AA41: 274 | AB41: MC_M_M_R
B42: Motor 3 | C42: Power On | D42: Action | E42: Action | F42: mc:m:motor:XXX:powerOn_W | H42: 86 | I42: MC_M_M_W | M42: Setting speed | N42: Spinner | O42: Action | P42: mc:m:motor:XXX:speed_W | R42: 86 | S42: MC_M_M_W | V42: Reverse in position | W42: LED | X42: Read | Y42: mc:m:motor:XXX:Reverse:inPosition_R | AA42: 276 | AB42: MC_M_M_R
C43: Power Off | D43: Action | E43: Action | F43: mc:m:motor:XXX:powerOff_W | H43: 88 | I43: MC_M_M_W | M43: Start Movement | N43: Action | O43: Action | P43: mc:m:motor:XXX:start_W | R43: 88 | S43: MC_M_M_W | V43: Maximum settable speed | W43: Text Update | X43: Read | Y43: mc:m:motor:XXX:MaxSpeed_R | AA43: 278 | AB43: MC_M_M_R
C44: Setting speed | D44: Spinner | E44: Action | F44: mc:m:motor:XXX:speed_W | H44: 90 | I44: MC_M_M_W | M44: Motor stop | N44: Action | O44: Action | P44: mc:m:motor:XXX:stop_W | R44: 90 | S44: MC_M_M_W | V44: Minimum settable speed | W44: Text Update | X44: Read | Y44: mc:m:motor:XXX:MinSpeed_R | AA44: 280 | AB44: MC_M_M_R
C45: Start Movement | D45: Action | E45: Action | F45: mc:m:motor:XXX:start_W | H45: 92 | I45: MC_M_M_W | M45: Direction | N45: Boolean | O45: Action | P45: mc:m:motor:XXX:direction_W | R45: 92 | S45: MC_M_M_W | V45: Motor status | W45: Byte Monitor | X45: Read | Y45: mc:m:motor:xxx:motorStatus_R | AA45: 282 | AB45: MC_M_M_R
C46: Motor stop | D46: Action | E46: Action | F46: mc:m:motor:XXX:stop_W | H46: 94 | I46: MC_M_M_W | M46: Reset errors | N46: Action | O46: Action | P46: mc:m:motor:XXX:quitError_W | R46: 94 | S46: MC_M_M_W | U46: Motor 7 | V46: Motor position | W46: Text entry | X46: Read | Y46: mc:m:motor:XXX:ActPosition_R | Z46: _LMCAxis_M1.ActPos | AA46: 284 | AB46: MC_M_M_R
C47: Direction | D47: Boolean | E47: Action | F47: mc:m:motor:XXX:direction_W | H47: 96 | I47: MC_M_M_W | M47: Desired Position | N47: Text Update | O47: Action | P47: mc:m:motor:XXX:desiredPosition_W | R47: 96 | S47: MC_M_M_W | V47: Error | W47: LED | X47: Read | Y47: mc:m:motor:XXX:Error_R | AA47: 286 | AB47: MC_M_M_R
C48: Reset errors | D48: Action | E48: Action | F48: mc:m:motor:XXX:quitError_W | H48: 98 | I48: MC_M_M_W | M48: Home Forward | N48: Action | O48: Action | P48: mc:m:motor:XXX:Home:forward_W | R48: 98 | S48: MC_M_M_W | V48: Forward in position | W48: LED | X48: Read | Y48: mc:m:motor:XXX:Forward:inPosition_R | AA48: 288 | AB48: MC_M_M_R
C49: Desired Position | D49: Text Update | E49: Action | F49: mc:m:motor:XXX:desiredPosition_W | H49: 100 | I49: MC_M_M_W | M49: Home Reverse | N49: Action | O49: Action | P49: mc:m:motor:XXX:Home:reverse_W | R49: 100 | S49: MC_M_M_W | V49: Reverse in position | W49: LED | X49: Read | Y49: mc:m:motor:XXX:Reverse:inPosition_R | AA49: 290 | AB49: MC_M_M_R
C50: Home Forward | D50: Action | E50: Action | F50: mc:m:motor:XXX:Home:forward_W | H50: 102 | I50: MC_M_M_W | M50: Reverse per step | N50: Action | O50: Action | P50: mc:m:motor:XXX:Reverse:perStep_W | R50: 102 | S50: MC_M_M_W | V50: Maximum settable speed | W50: Text Update | X50: Read | Y50: mc:m:motor:XXX:MaxSpeed_R | AA50: 292 | AB50: MC_M_M_R
C51: Home Reverse | D51: Action | E51: Action | F51: mc:m:motor:XXX:Home:reverse_W | H51: 104 | I51: MC_M_M_W | M51: Forward per step | N51: Action | O51: Action | P51: mc:m:motor:XXX:Forward:perStep_W | R51: 104 | S51: MC_M_M_W | V51: Minimum settable speed | W51: Text Update | X51: Read | Y51: mc:m:motor:XXX:MinSpeed_R | AA51: 294 | AB51: MC_M_M_R
C52: Reverse per step | D52: Action | E52: Action | F52: mc:m:motor:XXX:Reverse:perStep_W | H52: 106 | I52: MC_M_M_W | L52: Motor 5 | M52: Power On | N52: Action | O52: Action | P52: mc:m:motor:XXX:powerOn_W | R52: 106 | S52: MC_M_M_W | V52: Motor status | W52: Byte Monitor | X52: Read | Y52: mc:m:motor:xxx:motorStatus_R | AA52: 296 | AB52: MC_M_M_R
C53: Forward per step | D53: Action | E53: Action | F53: mc:m:motor:XXX:Forward:perStep_W | H53: 108 | I53: MC_M_M_W | M53: Power Off | N53: Action | O53: Action | P53: mc:m:motor:XXX:powerOff_W | R53: 108 | S53: MC_M_M_W
C54: Motor position | D54: Text entry | E54: Read | F54: mc:m:motor:XXX:ActPosition_R | G54: _LMCAxis_M1.ActPos | H54: 110 | I54: MC_M_M_R | M54: Setting speed | N54: Spinner | O54: Action | P54: mc:m:motor:XXX:speed_W | R54: 110 | S54: MC_M_M_W
C55: Error | D55: LED | E55: Read | F55: mc:m:motor:XXX:Error_R | H55: 112 | I55: MC_M_M_R | M55: Start Movement | N55: Action | O55: Action | P55: mc:m:motor:XXX:start_W | R55: 112 | S55: MC_M_M_W
C56: Forward in position | D56: LED | E56: Read | F56: mc:m:motor:XXX:Forward:inPosition_R | H56: 114 | I56: MC_M_M_R | M56: Motor stop | N56: Action | O56: Action | P56: mc:m:motor:XXX:stop_W | R56: 114 | S56: MC_M_M_W
C57: Reverse in position | D57: LED | E57: Read | F57: mc:m:motor:XXX:Reverse:inPosition_R | H57: 116 | I57: MC_M_M_R | M57: Direction | N57: Boolean | O57: Action | P57: mc:m:motor:XXX:direction_W | R57: 116 | S57: MC_M_M_W
C58: Maximum settable speed | D58: Text Update | E58: Read | F58: mc:m:motor:XXX:MaxSpeed_R | H58: 118 | I58: MC_M_M_R | M58: Reset errors | N58: Action | O58: Action | P58: mc:m:motor:XXX:quitError_W | R58: 118 | S58: MC_M_M_W
C59: Minimum settable speed | D59: Text Update | E59: Read | F59: mc:m:motor:XXX:MinSpeed_R | H59: 120 | I59: MC_M_M_R | M59: Desired Position | N59: Text Update | O59: Action | P59: mc:m:motor:XXX:desiredPosition_W | R59: 120 | S59: MC_M_M_W
C60: Motor status | D60: Byte Monitor | E60: Read | H60: 122 | I60: MC_M_M_R | M60: Home Forward | N60: Action | O60: Action | P60: mc:m:motor:XXX:Home:forward_W | R60: 122 | S60: MC_M_M_W
B61: Motor 4 | C61: Power On | D61: Action | E61: Action | F61: mc:m:motor:XXX:powerOn_W | H61: 124 | I61: MC_M_M_W | M61: Home Reverse | N61: Action | O61: Action | P61: mc:m:motor:XXX:Home:reverse_W | R61: 124 | S61: MC_M_M_W
C62: Power Off | D62: Action | E62: Action | F62: mc:m:motor:XXX:powerOff_W | H62: 126 | I62: MC_M_M_W | M62: Reverse per step | N62: Action | O62: Action | P62: mc:m:motor:XXX:Reverse:perStep_W | R62: 126 | S62: MC_M_M_W
C63: Setting speed | D63: Spinner | E63: Action | F63: mc:m:motor:XXX:speed_W | H63: 128 | I63: MC_M_M_W | M63: Forward per step | N63: Action | O63: Action | P63: mc:m:motor:XXX:Forward:perStep_W | R63: 128 | S63: MC_M_M_W
C64: Start Movement | D64: Action | E64: Action | F64: mc:m:motor:XXX:start_W | H64: 130 | I64: MC_M_M_W | L64: Motor 6 | M64: Power On | N64: Action | O64: Action | P64: mc:m:motor:XXX:powerOn_W | R64: 130 | S64: MC_M_M_W
C65: Motor stop | D65: Action | E65: Action | F65: mc:m:motor:XXX:stop_W | H65: 132 | I65: MC_M_M_W | M65: Power Off | N65: Action | O65: Action | P65: mc:m:motor:XXX:powerOff_W | R65: 132 | S65: MC_M_M_W
C66: Direction | D66: Boolean | E66: Action | F66: mc:m:motor:XXX:direction_W | H66: 134 | I66: MC_M_M_W | M66: Setting speed | N66: Spinner | O66: Action | P66: mc:m:motor:XXX:speed_W | R66: 134 | S66: MC_M_M_W
C67: Reset errors | D67: Action | E67: Action | F67: mc:m:motor:XXX:quitError_W | H67: 136 | I67: MC_M_M_W | M67: Start Movement | N67: Action | O67: Action | P67: mc:m:motor:XXX:start_W | R67: 136 | S67: MC_M_M_W
C68: Desired Position | D68: Text Update | E68: Action | F68: mc:m:motor:XXX:desiredPosition_W | H68: 138 | I68: MC_M_M_W | M68: Motor stop | N68: Action | O68: Action | P68: mc:m:motor:XXX:stop_W | R68: 138 | S68: MC_M_M_W
C69: Home Forward | D69: Action | E69: Action | F69: mc:m:motor:XXX:Home:forward_W | H69: 140 | I69: MC_M_M_W | M69: Direction | N69: Boolean | O69: Action | P69: mc:m:motor:XXX:direction_W | R69: 140 | S69: MC_M_M_W
C70: Home Reverse | D70: Action | E70: Action | F70: mc:m:motor:XXX:Home:reverse_W | H70: 142 | I70: MC_M_M_W | M70: Reset errors | N70: Action | O70: Action | P70: mc:m:motor:XXX:quitError_W | R70: 142 | S70: MC_M_M_W
C71: Reverse per step | D71: Action | E71: Action | F71: mc:m:motor:XXX:Reverse:perStep_W | H71: 144 | I71: MC_M_M_W | M71: Desired Position | N71: Text Update | O71: Action | P71: mc:m:motor:XXX:desiredPosition_W | R71: 144 | S71: MC_M_M_W
C72: Forward per step | D72: Action | E72: Action | F72: mc:m:motor:XXX:Forward:perStep_W | H72: 146 | I72: MC_M_M_W | M72: Home Forward | N72: Action | O72: Action | P72: mc:m:motor:XXX:Home:forward_W | R72: 146 | S72: MC_M_M_W
C73: Motor position | D73: Text entry | E73: Read | F73: mc:m:motor:XXX:ActPosition_R | G73: _LMCAxis_M1.ActPos | H73: 148 | I73: MC_M_M_R | M73: Home Reverse | N73: Action | O73: Action | P73: mc:m:motor:XXX:Home:reverse_W | R73: 148 | S73: MC_M_M_W
C74: Error | D74: LED | E74: Read | F74: mc:m:motor:XXX:Error_R | H74: 150 | I74: MC_M_M_R | M74: Reverse per step | N74: Action | O74: Action | P74: mc:m:motor:XXX:Reverse:perStep_W | R74: 150 | S74: MC_M_M_W
C75: Forward in position | D75: LED | E75: Read | F75: mc:m:motor:XXX:Forward:inPosition_R | H75: 152 | I75: MC_M_M_R | M75: Forward per step | N75: Action | O75: Action | P75: mc:m:motor:XXX:Forward:perStep_W | R75: 152 | S75: MC_M_M_W
C76: Reverse in position | D76: LED | E76: Read | F76: mc:m:motor:XXX:Reverse:inPosition_R | H76: 154 | I76: MC_M_M_R | L76: Motor 7 | M76: Power On | N76: Action | O76: Action | P76: mc:m:motor:XXX:powerOn_W | R76: 154 | S76: MC_M_M_W
C77: Maximum settable speed | D77: Text Update | E77: Read | F77: mc:m:motor:XXX:MaxSpeed_R | H77: 156 | I77: MC_M_M_R | M77: Power Off | N77: Action | O77: Action | P77: mc:m:motor:XXX:powerOff_W | R77: 156 | S77: MC_M_M_W
C78: Minimum settable speed | D78: Text Update | E78: Read | F78: mc:m:motor:XXX:MinSpeed_R | H78: 158 | I78: MC_M_M_R | M78: Setting speed | N78: Spinner | O78: Action | P78: mc:m:motor:XXX:speed_W | R78: 158 | S78: MC_M_M_W
C79: Motor status | D79: Byte Monitor | E79: Read | H79: 160 | I79: MC_M_M_R | M79: Start Movement | N79: Action | O79: Action | P79: mc:m:motor:XXX:start_W | R79: 160 | S79: MC_M_M_W
B80: Motor 5 | C80: Power On | D80: Action | E80: Action | F80: mc:m:motor:XXX:powerOn_W | H80: 162 | I80: MC_M_M_W | M80: Motor stop | N80: Action | O80: Action | P80: mc:m:motor:XXX:stop_W | R80: 162 | S80: MC_M_M_W
C81: Power Off | D81: Action | E81: Action | F81: mc:m:motor:XXX:powerOff_W | H81: 164 | I81: MC_M_M_W | M81: Direction | N81: Boolean | O81: Action | P81: mc:m:motor:XXX:direction_W | R81: 164 | S81: MC_M_M_W
C82: Setting speed | D82: Spinner | E82: Action | F82: mc:m:motor:XXX:speed_W | H82: 166 | I82: MC_M_M_W | M82: Reset errors | N82: Action | O82: Action | P82: mc:m:motor:XXX:quitError_W | R82: 166 | S82: MC_M_M_W
C83: Start Movement | D83: Action | E83: Action | F83: mc:m:motor:XXX:start_W | H83: 168 | I83: MC_M_M_W | M83: Desired Position | N83: Text Update | O83: Action | P83: mc:m:motor:XXX:desiredPosition_W | R83: 168 | S83: MC_M_M_W
C84: Motor stop | D84: Action | E84: Action | F84: mc:m:motor:XXX:stop_W | H84: 170 | I84: MC_M_M_W | M84: Home Forward | N84: Action | O84: Action | P84: mc:m:motor:XXX:Home:forward_W | R84: 170 | S84: MC_M_M_W
C85: Direction | D85: Boolean | E85: Action | F85: mc:m:motor:XXX:direction_W | H85: 172 | I85: MC_M_M_W | M85: Home Reverse | N85: Action | O85: Action | P85: mc:m:motor:XXX:Home:reverse_W | R85: 172 | S85: MC_M_M_W
C86: Reset errors | D86: Action | E86: Action | F86: mc:m:motor:XXX:quitError_W | H86: 174 | I86: MC_M_M_W | M86: Reverse per step | N86: Action | O86: Action | P86: mc:m:motor:XXX:Reverse:perStep_W | R86: 174 | S86: MC_M_M_W
C87: Desired Position | D87: Text Update | E87: Action | F87: mc:m:motor:XXX:desiredPosition_W | H87: 176 | I87: MC_M_M_W | M87: Forward per step | N87: Action | O87: Action | P87: mc:m:motor:XXX:Forward:perStep_W | R87: 176 | S87: MC_M_M_W
C88: Home Forward | D88: Action | E88: Action | F88: mc:m:motor:XXX:Home:forward_W | H88: 178 | I88: MC_M_M_W
C89: Home Reverse | D89: Action | E89: Action | F89: mc:m:motor:XXX:Home:reverse_W | H89: 180 | I89: MC_M_M_W
C90: Reverse per step | D90: Action | E90: Action | F90: mc:m:motor:XXX:Reverse:perStep_W | H90: 182 | I90: MC_M_M_W
C91: Forward per step | D91: Action | E91: Action | F91: mc:m:motor:XXX:Forward:perStep_W | H91: 184 | I91: MC_M_M_W
C92: Motor position | D92: Text entry | E92: Read | F92: mc:m:motor:XXX:ActPosition_R | G92: _LMCAxis_M1.ActPos | H92: 186 | I92: MC_M_M_R
C93: Error | D93: LED | E93: Read | F93: mc:m:motor:XXX:Error_R | H93: 188 | I93: MC_M_M_R
C94: Forward in position | D94: LED | E94: Read | F94: mc:m:motor:XXX:Forward:inPosition_R | H94: 190 | I94: MC_M_M_R
C95: Reverse in position | D95: LED | E95: Read | F95: mc:m:motor:XXX:Reverse:inPosition_R | H95: 192 | I95: MC_M_M_R
C96: Maximum settable speed | D96: Text Update | E96: Read | F96: mc:m:motor:XXX:MaxSpeed_R | H96: 194 | I96: MC_M_M_R
C97: Minimum settable speed | D97: Text Update | E97: Read | F97: mc:m:motor:XXX:MinSpeed_R | H97: 196 | I97: MC_M_M_R
C98: Motor status | D98: Byte Monitor | E98: Read | H98: 198 | I98: MC_M_M_R
B99: Motor 6 | C99: Power On | D99: Action | E99: Action | F99: mc:m:motor:XXX:powerOn_W | H99: 200 | I99: MC_M_M_W
C100: Power Off | D100: Action | E100: Action | F100: mc:m:motor:XXX:powerOff_W | H100: 202 | I100: MC_M_M_W
C101: Setting speed | D101: Spinner | E101: Action | F101: mc:m:motor:XXX:speed_W | H101: 204 | I101: MC_M_M_W
C102: Start Movement | D102: Action | E102: Action | F102: mc:m:motor:XXX:start_W | H102: 206 | I102: MC_M_M_W
...

Sheet Motion control-manual-solenoids
A2: GUI section | B2: Function description | C2: Button type | D2: Type | E2: EPICS Variable (PVs) | F2: PLC Variable | G2: Modbus addresses | H2: PLC port name
A3: Motion control - manual - solenoids | B3: Lock 1 extract | C3: Action | D3: Action | E3: mc:m:solenoid:lock:1:extract_W | G3: 320 | H3: MC_M_S_W
B4: Lock 1 insert | C4: Action | D4: Action
B5: Lock 2 extract | C5: Action | D5: Action | E5: mc:m:solenoid:lock:2:extract_W | G5: 322 | H5: MC_M_S_W
B6: Lock 2 insert | C6: Action | D6: Action
B7: Lock 1 extracted | C7: LED | D7: Read | E7: mc:m:solenoid:lock:1:extracted_R | G7: 320 | H7: MC_M_S_R
B8: Lock 1 inserted | C8: LED | D8: Read
B9: Lock 2 extracted | C9: LED | D9: Read | E9: mc:m:solenoid:lock:2:extracted_R | G9: 322 | H9: MC_M_S_R
B10: Lock 2 inserted | C10: LED | D10: Read

Sheet Motion control-automatic-mc
A2: GUI section | B2: Function description | C2: Button type | D2: Type | E2: EPICS Variable (PVs) | F2: PLC Variable | G2: Modbus addresses | H2: PLC port name | I2: note
A3: Motion control - automatic - main control | B3: Rack 12V On/Off | C3: Slider | D3: Action | E3: mc:a:maincontrol:CommantRack12V_W | G3: 348 | H3: MC_A_MC_W
B4: Home (Start) | C4: Action Button | D4: Action | E4: mc:a:maincontrol:generalControl_W | G4: 350 | H4: MC_A_MC_W
B5: Charge | C5: Action Button | D5: Action
B6: Irradiation | C6: Action Button | D6: Action
B7: Discharge | C7: Action Button | D7: Action
B8: Irradiation start | C8: Boolean Button | D8: Action | E8: mc:a:maincontrol:irradiationControl_W | G8: 352 | H8: MC_A_MC_W
B9: Irradiation over | C9: Boolean Button | D9: Action
B10: Measurement start | C10: Boolean Button | D10: Action | E10: mc:a:maincontrol:measurementControl_W | G10: 354 | H10: MC_A_MC_W
B11: Measurement over | C11: Boolean Button | D11: Action
B12: MPS request - decouple | C12: Boolean Button | D12: Action | E12: mc:a:maincontrol:MPS:ReqDecouple_W | G12: 356 | H12: MC_A_MC_W
B13: M3_Recouple | C13: Action Button | D13: Action | E13: mc:a:maincontrol:RecoupleM3_W | G13: 358 | H13: MC_A_MC_W
B14: Auto/Man selector | C14: Action Button | D14: Action | E14: mc:a:maincontrol:AutoManSelector_W | G14: 360 | H14: MC_A_MC_W
B15: Emergency stop button | C15: Action Button | D15: Action | E15: mc:a:maincontrol:StopButton_W | G15: 362 | H15: MC_A_MC_W
B16: Auto/Man selector | C16: LED | D16: Read | E16: mc:a:maincontrol:AutoManSelector_R | G16: 364 | H16: MC_A_MC_R
B17: Tablet 1 irradiation | C17: LED | D17: Read | E17: mc:a:maincontrol:tablet:irradiation_R | G17: 366 | H17: MC_A_MC_R
B18: Tablet 2 irradiation | C18: LED | D18: Read
B19: Tablet 3 irradiation | C19: LED | D19: Read
B20: Tablet 1 discharge | C20: LED | D20: Read | E20: mc:a:maincontrol:Tablet:discharge_R | G20: 368 | H20: MC_A_MC_R
B21: Tablet 2 discharge | C21: LED | D21: Read
B22: Tablet 3 discharge | C22: LED | D22: Read
B23: Home state | C23: LED (Multi State) | D23: Read | E23: mc:a:maincontrol:home_R | G23: 370 | H23: MC_A_MC_R | I23: All motors homed
B24: Charge state | C24: LED (Multi State) | D24: Read | E24: mc:a:maincontrol:Charge_R | G24: 372 | H24: MC_A_MC_R | I24: All tablets charged
B25: Discharge state | C25: LED (Multi State) | D25: Read | E25: mc:a:maincontrol:Discharge_R | G25: 374 | H25: MC_A_MC_R | I25: All tablet in discharge slider
B26: Comando generale | C26: LED (Multi State) | D26: Read | E26: mc:a:maincontrol:generalControl_R | G26: 376 | H26: MC_A_MC_R
B27: Tablet in Irradiation Position | C27: LED | D27: Read | E27: mc:a:maincontrol:tablet_In_Irr_Pos_R | G27: 378 | H27: MC_A_MC_R
B28: MPS ACK | C28: LED | D28: Read | E28: mc:a:maincontrol:MPS_ACK_R | G28: 380 | H28: MC_A_MC_R
B31: Irradiation | C31: LED (Multi State) | D31: Read | E31: mc:a:maincontrol:coupled_R | G31: 570
B32: Decoupled (m6) | C32: LED | D32: Read | E32: mc:a:maincontrol:Decoupled_R | G32: 570
B33: Charge slider state | C33: LED (Multi State) | D33: Read | E33: mc:a:maincontrol:ChargeSlider_R | G33: 544 | I33: coupled/decoupled
B34: Discharge slider state | C34: LED (Multi State) | D34: Read | E34: mc:a:maincontrol:DischargeSlider_R | G34: 556 | I34: coupled/decoupled
B36: MPS state - irradiation | C36: LED (Multi State) | D36: Read | F36: Variable provided by MPS
B37: MPS state - decouple | C37: LED (Multi State) | D37: Read | F37: Variable provided by MPS
B38: Vacuum - pressure | C38: Text Update | D38: Read | F38: Variable provided by SPES
B39: Faraday cup read value | C39: Text Update | D39: Read | F39: Variable provided by MPS
B40: Collimator read value | C40: Text Update | D40: Read | F40: Variable provided by MPS
B41: MPS request - irradiation (vacuum?) | C41: Boolean Button | D41: Action | E41: mc:a:maincontrol:MPS:ReqIrradiation_W | F41: Variable provided by SPES
B42: Collimator extract | C42: Boolean Button | D42: Action | E42: mc:a:maincontrol:collimator:extract_W | F42: Variable provided by SPES
B45: Set Irradiation Timer 1 | C45: Text Update | D45: Action | E45: mc:a:maincontrol:Timer1_W | G45: 600 | H45: MC_A_MC_W_2
B46: Set Irradiation Timer 2 | C46: Text Update | D46: Action | E46: mc:a:maincontrol:Timer2_W | G46: 602 | H46: MC_A_MC_W_2
B47: Set Irradiation Timer 3 | C47: Text Update | D47: Action | E47: mc:a:maincontrol:Timer3_W | G47: 604 | H47: MC_A_MC_W_2
B48: Start Auto Irr. Process | C48: Action Button | D48: Action | E48: mc:a:maincontrol:StartProcess_W | G48: 606 | H48: MC_A_MC_W_2
B49: Enable Easy GUI | C49: Action Button | D49: Action | E49: mc:a:maincontrol:EnEasyGUI_W | G49: 608 | H49: MC_A_MC_W_2
B50: 1/3 pellet mode | C50: Action Button | D50: Action | E50: mc:a:maincontrol:CalibrationMode_W | G50: 610 | H50: MC_A_MC_W_2
B51: Nr. pellet charged by user | C51: Text Update | D51: Action | E51: mc:a:maincontrol:PelletChargedByUser_W | G51: 612 | H51: MC_A_MC_W_2
B53: Visual Irradiation timer 1 | G53: 650
B54: Visual Irradiation timer 2 | G54: 652
B55: Visual Irradiation timer 3 | G55: 654
B56: Visual Discharge timer 1 | G56: 656
B57: Visual Discharge timer 2 | G57: 658
B58: Visual Discharge timer 3 | G58: 660
B59: Visual Move Timer 1 | G59: 662
B60: Visual Move Timer 2 | G60: 664
B61: Visual Move Timer 3 | G61: 666
B62: Motore 2 tablet in Charging | G62: 668
B63: Motore 5 pellet in IRIS Irradiation | G63: 670
B64: Visual Irradiation timer Adv 1 | G64: 672
... B66: Visual Irradiation timer Adv 3 | G66: 676
G67: 678
G68: 680
G69: 682
G70: 684
G71: 686
G72: 688
G73: 690

Sheet MotionControl-automatic-stepSet
A2: GUI section | C2: Function description | D2: Button type | E2: Type | F2: EPICS Variable (PVs) | G2: PLC Variable | H2: Modbus addresses | I2: PLC port name
A3: MotionControl-automatic-stepSet | C3: M1 correction step | D3: Spinner | E3: Action | F3: mc:a:stepSetting:motor:1:CorrectionStep_W | H3: 500 | I3: MC_A_S_W
C4: M3 correction step | D4: Spinner | E4: Action | F4: mc:a:stepSetting:motor:3:CorrectionStep_W | H4: 502 | I4: MC_A_S_W
C5: M4 Offset Step | D5: Spinner | E5: Action | F5: mc:a:stepSetting:motor:4:OffsetStep_W | H5: 504 | I5: MC_A_S_W
C6: M5 charging correction step 1 | D6: Spinner | E6: Action | F6: mc:a:stepSetting:motor:5:chargingCorrectionStep:1_W | H6: 506 | I6: MC_A_S_W
C7: M5 charging correction step 2 | D7: Spinner | E7: Action | F7: mc:a:stepSetting:motor:5:chargingCorrectionStep:2_W | H7: 508 | I7: MC_A_S_W
C8: M5 charging correction step 3 | D8: Spinner | E8: Action | F8: mc:a:stepSetting:motor:5:chargingCorrectionStep:3_W | H8: 510 | I8: MC_A_S_W
C9: M5 irradiation correction step 1 | D9: Spinner | E9: Action | F9: mc:a:stepSetting:motor:5:IrradiationCorrectionStep:1_W | H9: 512 | I9: MC_A_S_W
C10: M5 irradiation correction step 2 | D10: Spinner | E10: Action | F10: mc:a:stepSetting:motor:5:IrradiationCorrectionStep:2_W | H10: 514 | I10: MC_A_S_W
C11: M5 irradiation correction step 3 | D11: Spinner | E11: Action | F11: mc:a:stepSetting:motor:5:IrradiationCorrectionStep:3_W | H11: 516 | I11: MC_A_S_W
C12: M5 discharging correction step | D12: Spinner | E12: Action | F12: mc:a:stepSetting:motor:5:DischargingCorrectionStep_W | H12: 518 | I12: MC_A_S_W
C13: M5 discharging step 3 | D13: Text Update | E13: Read | F13: mc:a:stepSetting:motor:5:OffsetDischarge_W | I13: MC_A_S_W
C14: M1 moving step | D14: Text Update | E14: Read | F14: mc:a:stepSetting:motor:1:ExactStep_R | H14: 520 | I14: MC_A_S_R
C15: M3 moving step | D15: Text Update | E15: Read | F15: mc:a:stepSetting:motor:3:ExactStep_R | H15: 522 | I15: MC_A_S_R
C16: M4 Moving Step | D16: Text Update | E16: Read | F16: mc:a:stepSetting:motor:4:ExactStep_R | H16: 524 | I16: MC_A_S_R
C17: M5 charging step 1 | D17: Text Update | E17: Read | F17: mc:a:stepSetting:motor:5:chargingStep:1_R | H17: 526 | I17: MC_A_S_R
C18: M5 charging step 2 | D18: Text Update | E18: Read | F18: mc:a:stepSetting:motor:5:chargingStep:2_R | H18: 528 | I18: MC_A_S_R
C19: M5 charging step 3 | D19: Text Update | E19: Read | F19: mc:a:stepSetting:motor:5:chargingStep:3_R | H19: 530 | I19: MC_A_S_R
C20: M5 irradiation step 1 | D20: Text Update | E20: Read | F20: mc:a:stepSetting:motor:5:IrradiationStep:1_R | H20: 532 | I20: MC_A_S_R
C21: M5 irradiation step 2 | D21: Text Update | E21: Read | F21: mc:a:stepSetting:motor:5:IrradiationStep:2_R | H21: 534 | I21: MC_A_S_R
C22: M5 irradiation step 3 | D22: Text Update | E22: Read | F22: mc:a:stepSetting:motor:5:IrradiationStep:3_R | H22: 536 | I22: MC_A_S_R
C23: M5 discharging step 1 | D23: Text Update | E23: Read | F23: mc:a:stepSetting:motor:5:DischargingStep_R | H23: 538 | I23: MC_A_S_R
C24: M5 discharging step 2 | D24: Text Update | E24: Read | F24: mc:a:stepSetting:motor:5:OffsetDischarge_R | H24: 540 | I24: MC_A_S_R
B26: M1 | C26: Motor power state | D26: LED | E26: Read | F26: mc:a:stepSetting:Motor:xxx:state_R, bit 0 | H26: 542 | I26: MC_A_S_R | J26: part of state word
C27: Motor in movement | D27: LED | E27: Read | F27: mc:a:stepSetting:Motor:xxx:state_R, bit 25 | J27: part of state word
C28: Motor coupled | D28: LED | E28: Read | F28: mc:a:stepSetting:Motor:xxx:Coupled_R | H28: 544 | I28: MC_A_S_R
C29: Motor home state | D29: LED | E29: Read | F29: mc:a:stepSetting:Motor:xxx:home:state_R | H29: 546 | I29: MC_A_S_R
B30: M2 | C30: Motor power state | D30: LED | E30: Read | F30: mc:a:stepSetting:Motor:xxx:state_R, bit 0 | H30: 548 | I30: MC_A_S_R | J30: part of state word
C31: Motor in movement | D31: LED | E31: Read | F31: mc:a:stepSetting:Motor:xxx:state_R, bit 25 | I31: MC_A_S_R | J31: part of state word
C32: Motor home state | D32: LED | E32: Read | F32: mc:a:stepSetting:Motor:xxx:home:state_R | H32: 550 | I32: MC_A_S_R
B33: M3 | C33: Motor power state | D33: LED | E33: Read | F33: mc:a:stepSetting:Motor:xxx:state_R, bit 0 | H33: 552 | I33: MC_A_S_R | J33: part of state word
C34: Motor in movement | D34: LED | E34: Read | F34: mc:a:stepSetting:Motor:xxx:state_R, bit 25 | I34: MC_A_S_R | J34: part of state word
C35: Motor coupled | D35: LED | E35: Read | F35: mc:a:stepSetting:Motor:xxx:Coupled_R | H35: 554 | I35: MC_A_S_R
C36: Motor home state | D36: LED | E36: Read | F36: mc:a:stepSetting:Motor:xxx:home:state_R | H36: 556 | I36: MC_A_S_R
B37: M4 | C37: Motor power state | D37: LED | E37: Read | F37: mc:a:stepSetting:Motor:xxx:state_R, bit 0 | H37: 558 | I37: MC_A_S_R | J37: part of state word
C38: Motor in movement | D38: LED | E38: Read | F38: mc:a:stepSetting:Motor:xxx:state_R, bit 25 | I38: MC_A_S_R | J38: part of state word
C39: Motor home state | D39: LED | E39: Read | F39: mc:a:stepSetting:Motor:xxx:home:state_R | H39: 560 | I39: MC_A_S_R
B40: M5 | C40: Motor power state | D40: LED | E40: Read | F40: mc:a:stepSetting:Motor:xxx:state_R, bit 0 | H40: 562 | I40: MC_A_S_R | J40: part of state word
C41: Motor in movement | D41: LED | E41: Read | F41: mc:a:stepSetting:Motor:xxx:state_R, bit 25 | I41: MC_A_S_R | J41: part of state word
C42: Motor home state | D42: LED | E42: Read | F42: mc:a:stepSetting:Motor:xxx:home:state_R | H42: 564 | I42: MC_A_S_R
B43: M6 | C43: Motor power state | D43: LED | E43: Read | F43: mc:a:stepSetting:Motor:xxx:state_R, bit 0 | H43: 566 | I43: MC_A_S_R | J43: part of state word
C44: Motor in movement | D44: LED | E44: Read | F44: mc:a:stepSetting:Motor:xxx:state_R, bit 25 | I44: MC_A_S_R | J44: part of state word
C45: Motor coupled | D45: LED | E45: Read | F45: mc:a:stepSetting:Motor:xxx:Coupled_R | H45: 568 | I45: MC_A_S_R
C46: Motor home state | D46: LED | E46: Read | F46: mc:a:stepSetting:Motor:xxx:home:state_R | H46: 570 | I46: MC_A_S_R
B47: M7 | C47: Motor power state | D47: LED | E47: Read | F47: mc:a:stepSetting:Motor:xxx:state_R, bit 0 | H47: 572 | I47: MC_A_S_R | J47: part of state word
C48: Motor in movement | D48: LED | E48: Read | F48: mc:a:stepSetting:Motor:xxx:state_R, bit 25 | I48: MC_A_S_R | J48: part of state word
C49: Motor coupled | D49: LED | E49: Read | F49: mc:a:stepSetting:Motor:xxx:Coupled_R | H49: 574 | I49: MC_A_S_R
C50: Motor home state | D50: LED | E50: Read | F50: mc:a:stepSetting:Motor:xxx:home:state_R | H50: 576 | I50: MC_A_S_R

Sheet Sheet2
C3: Function description | D3: Button type | E3: Type | F3: EPICS Variable (PVs) | G3: PLC Variable | H3: Modbus Addresses | I3: plc port name
B4: Motor 1 | C4: Power On | D4: Action | E4: Action | F4: mc:m:motor:XXX:powerOn_W | H4: 10 | I4: MC_M_M_W
C5: Power Off | D5: Action | E5: Action | F5: mc:m:motor:XXX:powerOff_W | H5: 12 | I5: MC_M_M_W
C6: Setting speed | D6: Spinner | E6: Action | F6: mc:m:motor:XXX:speed_W | H6: 14 | I6: MC_M_M_W
C7: Start Movement | D7: Action | E7: Action | F7: mc:m:motor:XXX:start_W | H7: 16 | I7: MC_M_M_W
C8: Motor stop | D8: Action | E8: Action | F8: mc:m:motor:XXX:stop_W | H8: 18 | I8: MC_M_M_W
C9: Direction | D9: Boolean | E9: Action | F9: mc:m:motor:XXX:direction_W | H9: 20 | I9: MC_M_M_W
C10: Reset errors | D10: Action | E10: Action | F10: mc:m:motor:XXX:quitError_W | H10: 22 | I10: MC_M_M_W
C11: Desired Position | D11: Text Update | E11: Action | F11: mc:m:motor:XXX:desiredPosition_W | H11: 24 | I11: MC_M_M_W
C12: Home Forward | D12: Action | E12: Action | F12: mc:m:motor:XXX:Home:forward_W | H12: 26 | I12: MC_M_M_W
C13: Home Reverse | D13: Action | E13: Action | F13: mc:m:motor:XXX:Home:reverse_W | H13: 28 | I13: MC_M_M_W
C14: Reverse per step | D14: Action | E14: Action | F14: mc:m:motor:XXX:Reverse:perStep_W | H14: 30 | I14: MC_M_M_W
C15: Forward per step | D15: Action | E15: Action | F15: mc:m:motor:XXX:Forward:perStep_W | H15: 32 | I15: MC_M_M_W
B16: Motor 2 | C16: Power On | D16: Action | E16: Action | F16: mc:m:motor:XXX:powerOn_W | H16: 34 | I16: MC_M_M_W
C17: Power Off | D17: Action | E17: Action | F17: mc:m:motor:XXX:powerOff_W | H17: 36 | I17: MC_M_M_W
C18: Setting speed | D18: Spinner | E18: Action | F18: mc:m:motor:XXX:speed_W | H18: 38 | I18: MC_M_M_W
C19: Start Movement | D19: Action | E19: Action | F19: mc:m:motor:XXX:start_W | H19: 40 | I19: MC_M_M_W
C20: Motor stop | D20: Action | E20: Action | F20: mc:m:motor:XXX:stop_W | H20: 42 | I20: MC_M_M_W
C21: Direction | D21: Boolean | E21: Action | F21: mc:m:motor:XXX:direction_W | H21: 44 | I21: MC_M_M_W
C22: Reset errors | D22: Action | E22: Action | F22: mc:m:motor:XXX:quitError_W | H22: 46 | I22: MC_M_M_W
C23: Desired Position | D23: Text Update | E23: Action | F23: mc:m:motor:XXX:desiredPosition_W | H23: 48 | I23: MC_M_M_W
C24: Home Forward | D24: Action | E24: Action | F24: mc:m:motor:XXX:Home:forward_W | H24: 50 | I24: MC_M_M_W
C25: Home Reverse | D25: Action | E25: Action | F25: mc:m:motor:XXX:Home:reverse_W | H25: 52 | I25: MC_M_M_W
C26: Reverse per step | D26: Action | E26: Action | F26: mc:m:motor:XXX:Reverse:perStep_W | H26: 54 | I26: MC_M_M_W
C27: Forward per step | D27: Action | E27: Action | F27: mc:m:motor:XXX:Forward:perStep_W | H27: 56 | I27: MC_M_M_W
B28: Motor 3 | C28: Power On | D28: Action | E28: Action | F28: mc:m:motor:XXX:powerOn_W | H28: 58 | I28: MC_M_M_W
C29: Power Off | D29: Action | E29: Action | F29: mc:m:motor:XXX:powerOff_W | H29: 60 | I29: MC_M_M_W
C30: Setting speed | D30: Spinner | E30: Action | F30: mc:m:motor:XXX:speed_W | H30: 62 | I30: MC_M_M_W
C31: Start Movement | D31: Action | E31: Action | F31: mc:m:motor:XXX:start_W | H31: 64 | I31: MC_M_M_W
C32: Motor stop | D32: Action | E32: Action | F32: mc:m:motor:XXX:stop_W | H32: 66 | I32: MC_M_M_W
C33: Direction | D33: Boolean | E33: Action | F33: mc:m:motor:XXX:direction_W | H33: 68 | I33: MC_M_M_W
C34: Reset errors | D34: Action | E34: Action | F34: mc:m:motor:XXX:quitError_W | H34: 70 | I34: MC_M_M_W
C35: Desired Position | D35: Text Update | E35: Action | F35: mc:m:motor:XXX:desiredPosition_W | H35: 72 | I35: MC_M_M_W
C36: Home Forward | D36: Action | E36: Action | F36: mc:m:motor:XXX:Home:forward_W | H36: 74 | I36: MC_M_M_W
C37: Home Reverse | D37: Action | E37: Action | F37: mc:m:motor:XXX:Home:reverse_W | H37: 76 | I37: MC_M_M_W
C38: Reverse per step | D38: Action | E38: Action | F38: mc:m:motor:XXX:Reverse:perStep_W | H38: 78 | I38: MC_M_M_W
C39: Forward per step | D39: Action | E39: Action | F39: mc:m:motor:XXX:Forward:perStep_W | H39: 80 | I39: MC_M_M_W
B40: Motor 4 | C40: Power On | D40: Action | E40: Action | F40: mc:m:motor:XXX:powerOn_W | H40: 82 | I40: MC_M_M_W
C41: Power Off | D41: Action | E41: Action | F41: mc:m:motor:XXX:powerOff_W | H41: 84 | I41: MC_M_M_W
C42: Setting speed | D42: Spinner | E42: Action | F42: mc:m:motor:XXX:speed_W | H42: 86 | I42: MC_M_M_W
C43: Start Movement | D43: Action | E43: Action | F43: mc:m:motor:XXX:start_W | H43: 88 | I43: MC_M_M_W
C44: Motor stop | D44: Action | E44: Action | F44: mc:m:motor:XXX:stop_W | H44: 90 | I44: MC_M_M_W
C45: Direction | D45: Boolean | E45: Action | F45: mc:m:motor:XXX:direction_W | H45: 92 | I45: MC_M_M_W
C46: Reset errors | D46: Action | E46: Action | F46: mc:m:motor:XXX:quitError_W | H46: 94 | I46: MC_M_M_W
C47: Desired Position | D47: Text Update | E47: Action | F47: mc:m:motor:XXX:desiredPosition_W | H47: 96 | I47: MC_M_M_W
C48: Home Forward | D48: Action | E48: Action | F48: mc:m:motor:XXX:Home:forward_W | H48: 98 | I48: MC_M_M_W
C49: Home Reverse | D49: Action | E49: Action | F49: mc:m:motor:XXX:Home:reverse_W | H49: 100 | I49: MC_M_M_W
C50: Reverse per step | D50: Action | E50: Action | F50: mc:m:motor:XXX:Reverse:perStep_W | H50: 102 | I50: MC_M_M_W
C51: Forward per step | D51: Action | E51: Action | F51: mc:m:motor:XXX:Forward:perStep_W | H51: 104 | I51: MC_M_M_W
B52: Motor 5 | C52: Power On | D52: Action | E52: Action | F52: mc:m:motor:XXX:powerOn_W | H52: 106 | I52: MC_M_M_W
C53: Power Off | D53: Action | E53: Action | F53: mc:m:motor:XXX:powerOff_W | H53: 108 | I53: MC_M_M_W
C54: Setting speed | D54: Spinner | E54: Action | F54: mc:m:motor:XXX:speed_W | H54: 110 | I54: MC_M_M_W
C55: Start Movement | D55: Action | E55: Action | F55: mc:m:motor:XXX:start_W | H55: 112 | I55: MC_M_M_W
C56: Motor stop | D56: Action | E56: Action | F56: mc:m:motor:XXX:stop_W | H56: 114 | I56: MC_M_M_W
C57: Direction | D57: Boolean | E57: Action | F57: mc:m:motor:XXX:direction_W | H57: 116 | I57: MC_M_M_W
C58: Reset errors | D58: Action | E58: Action | F58: mc:m:motor:XXX:quitError_W | H58: 118 | I58: MC_M_M_W
C59: Desired Position | D59: Text Update | E59: Action | F59: mc:m:motor:XXX:desiredPosition_W | H59: 120 | I59: MC_M_M_W
C60: Home Forward | D60: Action | E60: Action | F60: mc:m:motor:XXX:Home:forward_W | H60: 122 | I60: MC_M_M_W
C61: Home Reverse | D61: Action | E61: Action | F61: mc:m:motor:XXX:Home:reverse_W | H61: 124 | I61: MC_M_M_W
C62: Reverse per step | D62: Action | E62: Action | F62: mc:m:motor:XXX:Reverse:perStep_W | H62: 126 | I62: MC_M_M_W
C63: Forward per step | D63: Action | E63: Action | F63: mc:m:motor:XXX:Forward:perStep_W | H63: 128 | I63: MC_M_M_W
B64: Motor 6 | C64: Power On | D64: Action | E64: Action | F64: mc:m:motor:XXX:powerOn_W | H64: 130 | I64: MC_M_M_W
C65: Power Off | D65: Action | E65: Action | F65: mc:m:motor:XXX:powerOff_W | H65: 132 | I65: MC_M_M_W
C66: Setting speed | D66: Spinner | E66: Action | F66: mc:m:motor:XXX:speed_W | H66: 134 | I66: MC_M_M_W
C67: Start Movement | D67: Action | E67: Action | F67: mc:m:motor:XXX:start_W | H67: 136 | I67: MC_M_M_W
C68: Motor stop | D68: Action | E68: Action | F68: mc:m:motor:XXX:stop_W | H68: 138 | I68: MC_M_M_W
C69: Direction | D69: Boolean | E69: Action | F69: mc:m:motor:XXX:direction_W | H69: 140 | I69: MC_M_M_W
C70: Reset errors | D70: Action | E70: Action | F70: mc:m:motor:XXX:quitError_W | H70: 142 | I70: MC_M_M_W
C71: Desired Position | D71: Text Update | E71: Action | F71: mc:m:motor:XXX:desiredPosition_W | H71: 144 | I71: MC_M_M_W
C72: Home Forward | D72: Action | E72: Action | F72: mc:m:motor:XXX:Home:forward_W | H72: 146 | I72: MC_M_M_W
C73: Home Reverse | D73: Action | E73: Action | F73: mc:m:motor:XXX:Home:reverse_W | H73: 148 | I73: MC_M_M_W
C74: Reverse per step | D74: Action | E74: Action | F74: mc:m:motor:XXX:Reverse:perStep_W | H74: 150 | I74: MC_M_M_W
C75: Forward per step | D75: Action | E75: Action | F75: mc:m:motor:XXX:Forward:perStep_W | H75: 152 | I75: MC_M_M_W
B76: Motor 7 | C76: Power On | D76: Action | E76: Action | F76: mc:m:motor:XXX:powerOn_W | H76: 154 | I76: MC_M_M_W
C77: Power Off | D77: Action | E77: Action | F77: mc:m:motor:XXX:powerOff_W | H77: 156 | I77: MC_M_M_W
C78: Setting speed | D78: Spinner | E78: Action | F78: mc:m:motor:XXX:speed_W | H78: 158 | I78: MC_M_M_W
C79: Start Movement | D79: Action | E79: Action | F79: mc:m:motor:XXX:start_W | H79: 160 | I79: MC_M_M_W
C80: Motor stop | D80: Action | E80: Action | F80: mc:m:motor:XXX:stop_W | H80: 162 | I80: MC_M_M_W
C81: Direction | D81: Boolean | E81: Action | F81: mc:m:motor:XXX:direction_W | H81: 164 | I81: MC_M_M_W
C82: Reset errors | D82: Action | E82: Action | F82: mc:m:motor:XXX:quitError_W | H82: 166 | I82: MC_M_M_W
C83: Desired Position | D83: Text Update | E83: Action | F83: mc:m:motor:XXX:desiredPosition_W | H83: 168 | I83: MC_M_M_W
C84: Home Forward | D84: Action | E84: Action | F84: mc:m:motor:XXX:Home:forward_W | H84: 170 | I84: MC_M_M_W
C85: Home Reverse | D85: Action | E85: Action | F85: mc:m:motor:XXX:Home:reverse_W | H85: 172 | I85: MC_M_M_W
C86: Reverse per step | D86: Action | E86: Action | F86: mc:m:motor:XXX:Reverse:perStep_W | H86: 174 | I86: MC_M_M_W
C87: Forward per step | D87: Action | E87: Action | F87: mc:m:motor:XXX:Forward:perStep_W | H87: 176 | I87: MC_M_M_W
B88: All | C88: Emergency stop manager | D88: Action | E88: Action | F88: mc:m:motor:All:EmergencyStopManManager_W | H88: 178 | I88: MC_M_M_W
C98: Function description | D98: Button type | E98: Type | F98: EPICS Variable (PVs) | G98: PLC Variable | H98: Modbus Addresses | I98: plc port name
B99: Motor 1 | C99: Motor position | D99: Text entry | E99: Read | F99: mc:m:motor:XXX:ActPosition_R | G99: _LMCAxis_M1.ActPos | H99: 200 | I99: MC_M_M_R
C100: Error | D100: LED | E100: Read | F100: mc:m:motor:XXX:Error_R | H100: 202 | I100: MC_M_M_R
C101: Forward in position | D101: LED | E101: Read | F101: mc:m:motor:XXX:Forward:inPosition_R | H101: 204 | I101: MC_M_M_R
C102: Reverse in position | D102: LED | E102: Read | F102: mc:m:motor:XXX:Reverse:inPosition_R | H102: 206 | I102: MC_M_M_R
C103: Maximum settable speed | D103: Text Update | E103: Read | F103: mc:m:motor:XXX:MaxSpeed_R | H103: 208 | I103: MC_M_M_R
C104: Minimum settable speed | D104: Text Update | E104: Read | F104: mc:m:motor:XXX:MinSpeed_R | H104: 210 | I104: MC_M_M_R
C105: Motor status | D105: Byte Monitor | E105: Read | F105: mc:m:motor:xxx:motorStatus_R | H105: 212 | I105: MC_M_M_R
B106: Motor 2 | C106: Motor position | D106: Text entry | E106: Read | F106: mc:m:motor:XXX:ActPosition_R | G106: _LMCAxis_M1.ActPos | H106: 214 | I106: MC_M_M_R
C107: Error | D107: LED | E107: Read | F107: mc:m:motor:XXX:Error_R | H107: 216 | I107: MC_M_M_R
C108: Forward in position | D108: LED | E108: Read | F108: mc:m:motor:XXX:Forward:inPosition_R | H108: 218 | I108: MC_M_M_R
C109: Reverse in position | D109: LED | E109: Read | F109: mc:m:motor:XXX:Reverse:inPosition_R | H109: 220 | I109: MC_M_M_R
C110: Maximum settable speed | D110: Text Update | E110: Read | F110: mc:m:motor:XXX:MaxSpeed_R | H110: 222 | I110: MC_M_M_R
C111: Minimum settable speed | D111: Text Update | E111: Read | F111: mc:m:motor:XXX:MinSpeed_R | H111: 224 | I111: MC_M_M_R
...

Sheet AutoSaving
C2: when EPICS ioc shuts down does the motors remain in position? | I2: Sì perchè è il PLC che "comanda"
C3: Yes -> save also that variables, No -> not necessary
C4: Regarding a pv that is present both in read and write versions, which one should we save? Both? | K4: Solo quelle write perchè le read sono "indipendenti" da epics
B6: General | C6: =General!E63 -> mc:a:stepSetting:motor:1:movingStep_W
C7: =General!E64 -> mc:a:stepSetting:motor:1:CorrectionStep_W
C8: =General!E65 -> mc:a:stepSetting:motor:3:movingStep_W
C9: =General!E66 -> mc:a:stepSetting:motor:3:CorrectionStep_W
C10: =General!E67 -> mc:a:stepSetting:motor:5:chargingStep:1_W
C11: =General!E68 -> mc:a:stepSetting:motor:5:chargingStep:2_W
C12: =General!E69 -> mc:a:stepSetting:motor:5:chargingStep:3_W
C13: =General!E70 -> mc:a:stepSetting:motor:5:IrradiationStep:1_W
C14: =General!E71 -> mc:a:stepSetting:motor:5:IrradiationStep:2_W
C15: =General!E72 -> mc:a:stepSetting:motor:5:IrradiationStep:3_W
C16: =General!E73 -> mc:a:stepSetting:motor:5:DischargingStep:1_W
C17: =General!E74 -> mc:a:stepSetting:motor:5:DischargingStep:2_W
C18: =General!E75 -> mc:a:stepSetting:motor:5:DischargingStep:3_W
B20: General_Update | C20: =General_Update!F52 -> mc:a:maincontrol:coupled_W
C21: =General_Update!F53 -> mc:a:maincontrol:MPS:ReqIrradiation_W
C22: =General_Update!F54 -> mc:a:maincontrol:collimator:extract_W
C23: =General_Update!F55 -> mc:a:maincontrol:IrradiationControl_W
C25: =General_Update!F57 -> mc:a:maincontrol:Tablet:Irradiation:1_R
C26: =General_Update!F58 -> mc:a:maincontrol:Tablet:Irradiation:2_R
C27: =General_Update!F59 -> mc:a:maincontrol:Tablet:Irradiation:3_R
C28: =General_Update!F60 -> mc:a:maincontrol:MPS:ReqDecouple_W
C29: =General_Update!F61 -> mc:a:maincontrol:Decoupled_R
C30: =General_Update!F62 -> mc:a:maincontrol:MeasurementControl_W
B32: Motion control-manual - motor X | C32: none
B34: Motion control-manual-solenoids | C34: none
B36: Motion control-automatic-mc | C36: ='Motion control-automatic-mc'!E4 -> mc:a:maincontrol:generalControl_W
C37: ='Motion control-automatic-mc'!E31 -> mc:a:maincontrol:coupled_R
C38: ='Motion control-automatic-mc'!E41 -> mc:a:maincontrol:MPS:ReqIrradiation_W
C39: ='Motion control-automatic-mc'!E42 -> mc:a:maincontrol:collimator:extract_W
B41: MotionControl-automatic-stepSet | C41: ='MotionControl-automatic-stepSet'!F3 -> mc:a:stepSetting:motor:1:CorrectionStep_W
C42: ='MotionControl-automatic-stepSet'!F4 -> mc:a:stepSetting:motor:3:CorrectionStep_W
C43: ='MotionControl-automatic-stepSet'!F5 -> mc:a:stepSetting:motor:4:OffsetStep_W
C44: ='MotionControl-automatic-stepSet'!F6 -> mc:a:stepSetting:motor:5:chargingCorrectionStep:1_W
C45: ='MotionControl-automatic-stepSet'!F7 -> mc:a:stepSetting:motor:5:chargingCorrectionStep:2_W
C46: ='MotionControl-automatic-stepSet'!F8 -> mc:a:stepSetting:motor:5:chargingCorrectionStep:3_W
C47: ='MotionControl-automatic-stepSet'!F9 -> mc:a:stepSetting:motor:5:IrradiationCorrectionStep:1_W
C48: ='MotionControl-automatic-stepSet'!F10 -> mc:a:stepSetting:motor:5:IrradiationCorrectionStep:2_W
C49: ='MotionControl-automatic-stepSet'!F11 -> mc:a:stepSetting:motor:5:IrradiationCorrectionStep:3_W
C50: ='MotionControl-automatic-stepSet'!F12 -> mc:a:stepSetting:motor:5:DischargingCorrectionStep_W
C51: ='MotionControl-automatic-stepSet'!F14 -> mc:a:stepSetting:motor:1:ExactStep_R
C52: ='MotionControl-automatic-stepSet'!F15 -> mc:a:stepSetting:motor:3:ExactStep_R
C53: ='MotionControl-automatic-stepSet'!F16 -> mc:a:stepSetting:motor:4:ExactStep_R
C54: ='MotionControl-automatic-stepSet'!F17 -> mc:a:stepSetting:motor:5:chargingStep:1_R
C55: ='MotionControl-automatic-stepSet'!F18 -> mc:a:stepSetting:motor:5:chargingStep:2_R
C56: ='MotionControl-automatic-stepSet'!F19 -> mc:a:stepSetting:motor:5:chargingStep:3_R
C57: ='MotionControl-automatic-stepSet'!F20 -> mc:a:stepSetting:motor:5:IrradiationStep:1_R
C58: ='MotionControl-automatic-stepSet'!F21 -> mc:a:stepSetting:motor:5:IrradiationStep:2_R
C59: ='MotionControl-automatic-stepSet'!F22 -> mc:a:stepSetting:motor:5:IrradiationStep:3_R
C60: ='MotionControl-automatic-stepSet'!F23 -> mc:a:stepSetting:motor:5:DischargingStep_R
C61: ='MotionControl-automatic-stepSet'!F24 -> mc:a:stepSetting:motor:5:OffsetDischarge_R
C62: ='MotionControl-automatic-stepSet'!F13 -> mc:a:stepSetting:motor:5:OffsetDischarge_W
